Source	Target
1	2
1	3
1	4
2	5
2	9
2	10
2	14
2	15
2	16
2	17
2	18
2	25
2	26
2	27
2	28
2	29
2	30
2	31
2	43
2	57
2	59
2	60
2	102
2	118
2	122
2	133
2	134
2	136
2	137
2	145
2	146
2	148
2	149
2	150
2	151
2	154
2	155
2	156
2	157
2	159
2	160
2	161
2	162
2	163
2	164
2	165
2	166
2	169
2	173
2	174
2	176
2	178
2	179
2	182
2	184
2	186
2	187
2	188
2	189
2	190
2	191
2	193
2	194
2	197
2	198
2	201
2	203
2	205
2	213
2	214
2	216
2	218
2	219
2	220
2	221
2	224
2	225
2	226
2	227
2	228
2	230
2	232
2	236
2	237
2	238
2	244
2	249
2	250
2	251
2	253
2	254
2	255
2	256
2	257
2	259
2	262
2	264
2	265
2	267
2	268
2	269
2	271
2	273
2	274
2	275
2	276
2	277
2	281
2	282
2	286
2	287
2	288
2	290
2	294
2	305
2	316
2	317
2	319
2	331
2	332
2	333
2	335
2	338
2	341
2	343
2	347
2	348
2	350
2	352
2	353
2	356
2	362
2	367
2	369
2	389
2	391
2	394
2	418
2	419
2	434
2	437
2	438
2	439
2	441
2	442
2	445
2	446
2	447
2	448
2	450
2	452
2	453
2	457
2	458
2	459
2	463
2	466
2	474
2	477
2	480
2	487
2	489
2	493
2	494
2	495
2	496
2	497
2	498
2	501
2	511
2	518
2	535
2	556
2	557
2	558
2	559
2	563
2	565
2	567
2	569
2	573
2	575
2	576
2	579
2	580
2	581
2	582
2	583
2	584
2	586
2	587
2	592
2	593
2	595
2	607
2	609
2	610
2	611
2	612
2	615
2	622
2	625
2	627
2	629
2	645
2	658
2	659
2	660
2	661
2	664
2	666
2	668
2	670
2	674
2	676
2	678
2	679
2	680
2	694
2	699
2	706
2	707
2	708
2	709
2	716
2	723
2	726
2	742
2	747
2	35
2	751
2	753
2	755
2	759
2	762
2	775
2	779
2	780
2	783
2	784
2	800
2	801
2	803
2	805
2	821
2	822
2	823
2	824
2	833
2	834
2	835
2	837
2	841
2	843
2	844
2	845
2	70
2	848
2	852
2	855
2	871
2	873
2	875
2	876
2	877
2	878
2	879
2	881
2	883
2	885
2	886
2	887
2	888
2	890
2	891
2	892
2	912
2	917
2	926
2	983
2	997
2	1016
2	1022
2	1024
2	1028
2	1032
2	1034
2	1036
2	1038
2	1040
2	1042
2	1043
2	1044
2	1046
2	1047
2	1048
2	1054
2	1058
2	1059
2	1061
2	1062
2	1063
2	1064
2	1097
2	1105
2	1137
2	1138
2	1141
2	1142
2	1143
2	1144
2	1145
2	1152
2	1157
2	1158
2	1161
2	1163
2	1165
2	1289
2	1298
2	1300
2	1304
2	1309
2	1316
2	1317
2	1322
2	1325
2	1327
2	1346
2	1364
2	1415
2	1416
2	1431
2	1435
2	1439
2	1461
2	1502
2	1509
2	1524
2	1533
2	1538
2	1544
2	1545
2	1552
2	1555
2	1559
2	1561
2	1562
2	1565
2	1566
2	1567
2	1568
2	1569
2	1582
2	1583
2	1586
2	1588
2	1590
2	1593
2	1594
2	1596
2	1597
2	1600
2	1602
2	1611
2	1612
2	1613
2	1614
2	1616
2	1617
2	1618
2	1619
2	1620
2	1621
2	1623
2	1626
2	1628
2	1629
2	1630
2	1631
2	1632
2	1633
2	1634
2	1635
2	1636
2	1637
2	1656
2	1657
2	1665
2	1666
2	1668
2	1669
2	1670
2	1672
2	1673
2	1674
2	1675
2	1676
2	1678
2	1679
2	1680
2	1681
2	1682
2	1684
2	1685
2	1686
2	1687
2	1689
2	1691
2	1694
2	1698
2	1702
2	1703
2	1704
2	1707
2	1711
2	1714
2	1716
2	1717
2	1718
2	1719
2	1720
2	1721
2	1722
2	1723
2	1725
2	1729
2	1737
2	1738
2	1739
2	1740
2	1741
2	1742
2	1743
2	1744
2	1745
2	1746
2	1747
2	1748
2	1749
2	1750
2	1751
2	1752
2	1753
2	1754
2	1755
2	1756
2	1757
2	1758
2	1761
2	1765
2	1770
2	1771
2	1773
2	1774
2	1775
2	1782
2	1787
2	1797
2	1799
2	1800
2	1801
2	1806
2	1807
2	1957
2	1960
2	1963
2	1966
2	1970
2	1972
2	1973
2	1974
2	1975
2	1976
2	1981
2	1983
2	1984
2	1985
2	1987
2	1988
2	1989
2	1993
2	1994
2	1997
2	1998
2	1999
2	2000
2	2003
2	2007
2	2009
2	2010
2	2011
2	2014
2	2015
2	2016
2	235
2	242
2	2024
2	2031
2	2032
2	2033
2	2036
2	2037
2	2039
2	2040
2	2043
2	2049
2	2050
2	2051
2	2052
2	2054
2	2055
2	2057
2	2067
2	2070
2	2072
2	2073
2	2075
2	2076
2	2081
2	2083
2	2084
2	2087
2	2131
2	2152
2	2174
2	2175
2	2177
2	2178
2	2179
2	2185
2	2186
2	2187
2	2194
2	2195
2	2201
2	2202
2	314
2	2204
2	2205
2	2206
2	2211
2	2215
2	2216
2	2227
2	2229
2	2234
2	2243
2	2245
2	2254
2	2255
2	2260
2	2264
2	2269
2	2272
2	2289
2	2304
2	2305
2	2307
2	2308
2	2309
2	2310
2	2313
2	2314
2	2315
2	2317
2	2320
2	2322
2	2324
2	2325
2	2332
2	2361
2	2364
2	2367
2	2368
2	2375
2	2377
2	2378
2	2380
2	2383
2	2386
2	2389
2	2390
2	2394
2	2396
2	2401
2	2403
2	2404
2	2437
2	2470
2	2485
2	2487
2	2488
2	2491
2	2513
2	2633
2	2664
2	2698
2	2746
2	2773
2	2855
2	2856
2	2868
2	2882
2	2883
2	2919
2	3103
2	3202
2	3205
2	3216
2	3309
2	3311
2	3320
2	3325
2	3333
2	3337
2	3338
2	3347
2	3349
2	3360
2	3363
2	3379
2	3386
2	3388
2	3389
2	3391
2	3394
2	3400
2	3402
2	3409
2	3420
2	3422
2	3430
2	3433
2	3434
2	3471
2	3476
2	3486
2	3487
2	3488
2	3498
2	3509
2	3535
2	3540
2	3543
2	3546
2	3558
2	3560
2	3563
2	3566
2	3619
2	3629
2	3637
2	3645
2	3653
2	3735
2	3765
2	3919
2	3928
2	3932
2	3962
2	3990
2	3991
2	4010
2	4015
2	4016
2	4018
2	4019
2	4025
2	4038
2	4039
2	4041
2	4061
2	4068
2	4069
2	4071
2	4072
2	4075
2	4081
2	4084
2	4104
2	4109
2	4115
2	4119
2	328
2	4136
2	4177
2	4179
2	4231
2	4243
2	4263
2	4274
2	4349
2	4380
2	4408
2	4413
2	4417
2	4430
2	4447
2	4448
2	4449
2	4450
2	4456
2	4459
2	4464
2	4478
2	4493
2	4500
2	4502
2	4530
2	4536
2	4613
2	4671
2	4680
2	4681
2	4683
2	4687
2	4689
2	4690
2	4692
2	4693
2	4694
2	4695
2	4696
2	4697
2	4699
2	4700
2	4701
2	4703
2	4705
2	4707
2	4710
2	4712
2	4720
2	4722
2	4724
2	4730
2	4731
2	4734
2	4735
2	4736
2	4741
2	4743
2	4745
2	4747
2	4748
2	4758
2	4759
2	4762
2	4763
2	4764
2	4767
2	4769
2	4770
2	4774
2	4775
2	4784
2	4785
2	4790
2	4793
2	4794
2	4795
2	4796
2	4797
2	4809
2	4815
2	4818
2	4821
2	4822
2	4823
2	4824
2	4828
2	4829
2	4831
2	4832
2	4835
2	4840
2	4841
2	4845
2	4847
2	4848
2	4852
2	4853
2	4854
2	4855
2	4856
2	4863
2	4864
2	4865
2	4867
2	4868
2	4872
2	4873
2	4874
2	4875
2	4878
2	4879
2	4881
2	4885
2	4888
2	4892
2	4900
2	4901
2	4902
2	4905
2	4912
2	4916
2	4917
2	4918
2	4919
2	4920
2	4921
2	4922
2	4923
2	4926
2	4928
2	4931
2	4932
2	4936
2	4937
2	4945
2	4954
2	4957
2	4959
2	4960
2	4964
2	4974
2	4981
2	4983
2	4987
2	4994
2	4995
2	4997
2	4998
2	4999
2	5004
2	5010
2	5011
2	5015
2	5018
2	5021
2	5022
2	5025
2	5027
2	5030
2	5032
2	5052
2	5053
2	5060
2	5062
2	5063
2	5064
2	5066
2	5070
2	5075
2	5076
2	5079
2	5081
2	5084
2	5085
2	5086
2	5087
2	5088
2	5089
2	5090
2	5092
2	5093
2	5095
2	5096
2	5100
2	5102
2	5104
2	5111
2	5113
2	5114
2	5118
2	5119
2	5120
2	5123
2	5125
2	5126
2	5129
2	5134
2	5135
2	5148
2	5149
2	5150
2	490
2	5166
2	5175
2	5177
2	5178
2	5179
2	5180
2	5182
2	5186
2	5190
2	5191
2	5192
2	5193
2	5198
2	5199
2	5200
2	5201
2	5202
2	5203
2	5209
2	5210
2	5211
2	5212
2	5213
2	5215
2	5217
2	5218
2	5219
2	5220
2	5221
2	5222
2	5230
2	5231
2	5235
2	5236
2	5237
2	5238
2	5239
2	5240
2	5241
2	5242
2	5246
2	5248
2	5249
2	5250
2	5252
2	5254
2	5255
2	5256
2	5257
2	5258
2	5261
2	5262
2	5264
2	5266
2	5267
2	5268
2	5272
2	5275
2	5276
2	5278
2	5279
2	5280
2	5281
2	5289
2	5290
2	5327
2	5340
2	5342
2	5348
2	5353
2	5359
2	5382
2	5392
2	5407
2	5408
2	5411
2	5412
2	5413
2	5415
2	5416
2	5427
2	5429
2	5437
2	5438
2	5444
2	5449
2	5463
2	5472
2	5476
2	5480
2	5485
2	5486
2	5488
2	5493
2	5497
2	5504
2	5512
2	5513
2	5514
2	5515
3	5
3	11
3	19
3	21
3	22
3	23
3	25
3	28
3	32
3	33
3	35
3	36
3	40
3	41
3	45
3	47
3	49
3	50
3	51
3	57
3	58
3	59
3	60
3	61
3	62
3	63
3	64
3	65
3	66
3	67
3	68
3	69
3	70
3	72
3	73
3	74
3	77
3	78
3	79
3	80
3	81
3	82
3	84
3	85
3	87
3	88
3	89
3	90
3	91
3	92
3	95
3	96
3	97
3	98
3	99
3	100
3	101
3	102
3	103
3	105
3	107
3	108
3	109
3	110
3	111
3	112
3	116
3	117
3	118
3	119
3	120
3	121
3	122
3	123
3	124
3	125
3	127
3	129
3	130
3	131
3	133
3	134
3	137
3	139
3	145
3	146
3	147
3	153
3	157
3	162
3	163
3	164
3	166
3	167
3	170
3	171
3	177
3	179
3	180
3	181
3	182
3	183
3	184
3	185
3	187
3	188
3	193
3	194
3	197
3	198
3	200
3	201
3	206
3	207
3	208
3	209
3	210
3	211
3	212
3	216
3	217
3	218
3	220
3	221
3	222
3	223
3	224
3	225
3	226
3	228
3	230
3	233
3	236
3	237
3	238
3	240
3	243
3	244
3	246
3	247
3	248
3	250
3	257
3	259
3	262
3	272
3	278
3	279
3	284
3	287
3	288
3	291
3	295
3	296
3	297
3	298
3	299
3	300
3	301
3	302
3	303
3	304
3	305
3	306
3	308
3	309
3	310
3	311
3	313
3	314
3	315
3	320
3	321
3	322
3	323
3	324
3	325
3	326
3	327
3	330
3	331
3	332
3	333
3	334
3	335
3	336
3	337
3	338
3	339
3	340
3	341
3	342
3	343
3	344
3	345
3	347
3	348
3	349
3	350
3	351
3	352
3	353
3	354
3	355
3	356
3	357
3	358
3	359
3	360
3	361
3	362
3	363
3	364
3	365
3	366
3	367
3	368
3	371
3	372
3	373
3	374
3	375
3	376
3	377
3	379
3	380
3	382
3	383
3	384
3	385
3	386
3	387
3	389
3	390
3	391
3	392
3	393
3	394
3	397
3	398
3	399
3	400
3	401
3	402
3	403
3	404
3	405
3	406
3	407
3	408
3	409
3	410
3	411
3	412
3	413
3	415
3	416
3	417
3	422
3	423
3	424
3	425
3	426
3	428
3	429
3	431
3	432
3	433
3	435
3	436
3	439
3	440
3	442
3	443
3	444
3	446
3	448
3	450
3	451
3	453
3	454
3	455
3	457
3	458
3	460
3	461
3	462
3	464
3	465
3	468
3	469
3	472
3	473
3	474
3	475
3	476
3	477
3	481
3	482
3	483
3	485
3	488
3	491
3	494
3	495
3	498
3	499
3	502
3	503
3	504
3	505
3	506
3	507
3	508
3	509
3	510
3	511
3	512
3	513
3	514
3	515
3	516
3	517
3	518
3	519
3	520
3	521
3	522
3	523
3	524
3	525
3	526
3	527
3	528
3	529
3	530
3	531
3	532
3	533
3	534
3	535
3	536
3	537
3	538
3	539
3	540
3	541
3	542
3	543
3	544
3	545
3	546
3	547
3	548
3	549
3	550
3	551
3	552
3	553
3	554
3	555
3	558
3	561
3	562
3	563
3	564
3	567
3	568
3	569
3	570
3	574
3	575
3	579
3	583
3	584
3	588
3	589
3	594
3	599
3	600
3	601
3	603
3	605
3	606
3	607
3	608
3	615
3	616
3	617
3	618
3	619
3	620
3	621
3	622
3	623
3	624
3	625
3	626
3	627
3	628
3	629
3	630
3	631
3	632
3	633
3	634
3	635
3	636
3	637
3	638
3	639
3	640
3	641
3	642
3	643
3	644
3	645
3	646
3	647
3	648
3	649
3	650
3	651
3	652
3	653
3	654
3	655
3	656
3	657
3	658
3	662
3	663
3	664
3	665
3	666
3	667
3	669
3	673
3	674
3	675
3	676
3	14
3	677
3	678
3	680
3	681
3	682
3	683
3	684
3	685
3	686
3	687
3	689
3	690
3	692
3	694
3	695
3	696
3	697
3	698
3	699
3	700
3	701
3	702
3	703
3	704
3	705
3	707
3	708
3	709
3	710
3	711
3	712
3	713
3	714
3	715
3	716
3	717
3	718
3	719
3	720
3	721
3	722
3	723
3	724
3	725
3	727
3	728
3	730
3	731
3	733
3	734
3	735
3	736
3	737
3	738
3	739
3	740
3	741
3	743
3	745
3	747
3	27
3	749
3	750
3	751
3	752
3	753
3	754
3	755
3	756
3	757
3	758
3	759
3	760
3	761
3	762
3	763
3	764
3	765
3	766
3	767
3	768
3	769
3	770
3	771
3	772
3	775
3	777
3	778
3	779
3	783
3	784
3	785
3	786
3	788
3	791
3	792
3	793
3	54
3	794
3	796
3	799
3	800
3	801
3	802
3	803
3	804
3	805
3	806
3	807
3	808
3	809
3	810
3	811
3	812
3	813
3	814
3	815
3	816
3	817
3	818
3	819
3	820
3	825
3	826
3	827
3	828
3	829
3	830
3	831
3	832
3	835
3	838
3	839
3	840
3	842
3	847
3	849
3	850
3	851
3	853
3	854
3	855
3	857
3	858
3	859
3	860
3	864
3	865
3	866
3	867
3	868
3	869
3	873
3	874
3	875
3	876
3	877
3	878
3	879
3	880
3	881
3	883
3	884
3	885
3	886
3	887
3	889
3	890
3	891
3	892
3	893
3	898
3	900
3	901
3	902
3	903
3	904
3	905
3	906
3	907
3	909
3	910
3	913
3	914
3	915
3	916
3	918
3	919
3	920
3	922
3	924
3	925
3	926
3	928
3	929
3	930
3	931
3	932
3	933
3	934
3	935
3	936
3	938
3	939
3	940
3	941
3	942
3	943
3	944
3	945
3	946
3	947
3	948
3	949
3	950
3	951
3	952
3	953
3	954
3	955
3	956
3	959
3	960
3	961
3	962
3	963
3	965
3	966
3	967
3	968
3	969
3	970
3	971
3	972
3	973
3	974
3	975
3	977
3	978
3	979
3	980
3	981
3	982
3	983
3	984
3	986
3	987
3	989
3	992
3	993
3	994
3	996
3	997
3	998
3	999
3	1000
3	1001
3	1002
3	1003
3	1004
3	1005
3	1006
3	1009
3	1010
3	1014
3	1017
3	1020
3	1021
3	1022
3	1023
3	1024
3	1025
3	1026
3	1027
3	1029
3	1030
3	1031
3	1032
3	1034
3	1037
3	1039
3	1040
3	1041
3	1042
3	1044
3	1045
3	1046
3	1047
3	1048
3	1049
3	1050
3	1051
3	1052
3	1053
3	1054
3	1056
3	1057
3	1058
3	1059
3	1060
3	1061
3	1062
3	1065
3	1066
3	1067
3	1068
3	1069
3	1070
3	1071
3	1072
3	1073
3	1075
3	1076
3	1077
3	1078
3	1079
3	1080
3	1081
3	1083
3	1085
3	1086
3	1087
3	1088
3	1089
3	1090
3	1091
3	1092
3	1093
3	1094
3	1095
3	1096
3	1098
3	1099
3	1100
3	1101
3	1103
3	1104
3	1105
3	1106
3	1108
3	1109
3	1110
3	1111
3	1113
3	1114
3	1116
3	1117
3	1118
3	1119
3	1121
3	1122
3	1123
3	1124
3	1126
3	1128
3	1129
3	1132
3	1133
3	1135
3	1136
3	1137
3	1139
3	1140
3	1149
3	1150
3	1151
3	1154
3	1155
3	1159
3	1160
3	1162
3	1163
3	1164
3	1166
3	1167
3	1169
3	1170
3	1171
3	1172
3	1173
3	1174
3	1175
3	1176
3	1177
3	1178
3	1179
3	1180
3	1181
3	1182
3	1183
3	1184
3	1185
3	1186
3	1187
3	1189
3	1190
3	1191
3	1192
3	1194
3	1195
3	1196
3	1197
3	1198
3	1199
3	1200
3	1201
3	1202
3	1203
3	1204
3	1205
3	1206
3	1207
3	1208
3	1209
3	1210
3	1211
3	1212
3	1213
3	1215
3	1216
3	1218
3	1219
3	1221
3	1222
3	1223
3	1224
3	1225
3	1226
3	1227
3	1228
3	1229
3	1230
3	1231
3	1232
3	1234
3	1235
3	1236
3	1237
3	1238
3	1239
3	1240
3	1241
3	1242
3	1243
3	1244
3	1245
3	1246
3	1247
3	1248
3	1249
3	1250
3	1251
3	1252
3	1253
3	1255
3	1256
3	1257
3	1258
3	1259
3	1260
3	1262
3	1263
3	1264
3	1265
3	1266
3	1267
3	1268
3	1269
3	1270
3	1271
3	1272
3	1273
3	1274
3	1275
3	1276
3	1278
3	1279
3	1280
3	1281
3	1282
3	1283
3	1284
3	1285
3	1286
3	1287
3	1288
3	1289
3	1290
3	1291
3	1292
3	1293
3	1296
3	1298
3	1299
3	1300
3	1302
3	1303
3	1305
3	1306
3	1307
3	1311
3	1312
3	1314
3	1315
3	1316
3	1318
3	1319
3	1321
3	1323
3	1324
3	1327
3	1328
3	1329
3	1330
3	1331
3	1332
3	1333
3	1335
3	1336
3	1337
3	1338
3	1339
3	1340
3	1341
3	1342
3	1343
3	1344
3	1345
3	1347
3	1348
3	1349
3	1350
3	1351
3	1352
3	1353
3	1355
3	1356
3	1357
3	1358
3	1359
3	1360
3	1361
3	1362
3	1364
3	1365
3	1366
3	1367
3	1369
3	1370
3	1372
3	1373
3	1374
3	1375
3	1376
3	1377
3	1378
3	1379
3	1380
3	1381
3	1383
3	1384
3	1385
3	1386
3	1387
3	1388
3	1389
3	1391
3	1392
3	1395
3	1396
3	1397
3	1398
3	1399
3	1400
3	1401
3	1402
3	1403
3	1404
3	1405
3	1406
3	1407
3	1408
3	1409
3	1410
3	1411
3	1412
3	1413
3	1414
3	1417
3	1418
3	1419
3	1420
3	1421
3	1422
3	1423
3	1424
3	1426
3	1427
3	1429
3	1430
3	1432
3	1433
3	1434
3	1436
3	1437
3	1438
3	1440
3	1441
3	1442
3	1443
3	1444
3	1445
3	1446
3	1447
3	1449
3	1450
3	1451
3	1452
3	1453
3	1454
3	1455
3	1456
3	1457
3	1458
3	1459
3	1460
3	1461
3	1462
3	1463
3	1464
3	1465
3	1466
3	1467
3	1468
3	1469
3	1470
3	1471
3	1472
3	1473
3	1474
3	1476
3	1477
3	1479
3	1480
3	1482
3	1483
3	1484
3	1485
3	1487
3	1488
3	1489
3	1490
3	1491
3	1492
3	1494
3	1495
3	1496
3	1497
3	1498
3	1499
3	1500
3	1501
3	1503
3	1504
3	1505
3	1506
3	1507
3	1509
3	1510
3	1511
3	1512
3	1513
3	1514
3	1515
3	1517
3	1519
3	1522
3	1523
3	1524
3	1525
3	1526
3	1527
3	1528
3	1529
3	1530
3	1531
3	1532
3	1534
3	1535
3	1536
3	1537
3	1538
3	1539
3	1540
3	1541
3	1542
3	1543
3	1546
3	1547
3	1548
3	1549
3	1550
3	1551
3	1554
3	1555
3	1557
3	1558
3	1559
3	1560
3	1564
3	1565
3	1566
3	1567
3	1568
3	1569
3	1572
3	1573
3	1578
3	1579
3	1581
3	1582
3	1585
3	1586
3	1587
3	1588
3	1590
3	1591
3	1593
3	1594
3	1595
3	1598
3	1599
3	1600
3	1601
3	1602
3	1605
3	1606
3	1608
3	1610
3	1611
3	1615
3	1620
3	1621
3	1622
3	1623
3	1624
3	1625
3	1627
3	1632
3	1634
3	1635
3	1637
3	1638
3	1639
3	1640
3	1641
3	1642
3	1643
3	1644
3	1646
3	1647
3	1648
3	1649
3	1650
3	1651
3	1652
3	1653
3	1654
3	1658
3	1659
3	1661
3	1662
3	1663
3	1664
3	1667
3	1671
3	1672
3	1677
3	1683
3	1685
3	1687
3	1688
3	1689
3	1693
3	1694
3	1695
3	1696
3	1697
3	1699
3	1700
3	1701
3	1704
3	1706
3	1708
3	1709
3	1710
3	1712
3	1713
3	1715
3	1716
3	1717
3	1718
3	1719
3	1723
3	1724
3	1725
3	1726
3	1727
3	1728
3	1729
3	1730
3	1731
3	1732
3	1733
3	1734
3	1735
3	1736
3	1740
3	1744
3	1752
3	1754
3	1755
3	1757
3	1758
3	1759
3	1760
3	1762
3	1764
3	1765
3	1766
3	1767
3	1768
3	1769
3	1772
3	1774
3	1775
3	1776
3	1777
3	1778
3	1779
3	1780
3	1781
3	1782
3	1783
3	1784
3	1785
3	1786
3	1788
3	1789
3	1790
3	1791
3	1792
3	1793
3	1794
3	1795
3	1796
3	1798
3	1799
3	1800
3	1801
3	1802
3	1803
3	1804
3	1805
3	1806
3	1807
3	1810
3	1811
3	1812
3	1813
3	1814
3	1815
3	1816
3	1817
3	1818
3	1819
3	1820
3	1821
3	1822
3	1823
3	1824
3	1825
3	1826
3	1827
3	1828
3	1830
3	1831
3	1833
3	1834
3	1835
3	1836
3	1837
3	1838
3	1839
3	1840
3	1841
3	1842
3	1843
3	1844
3	1845
3	1846
3	1847
3	1848
3	1849
3	1850
3	1851
3	1852
3	1853
3	1854
3	1856
3	1857
3	1858
3	1860
3	1861
3	1862
3	1863
3	1864
3	1865
3	1866
3	1867
3	1868
3	1869
3	1870
3	1871
3	1872
3	1873
3	1874
3	1875
3	1876
3	1877
3	1878
3	1879
3	1880
3	1881
3	1882
3	1883
3	1884
3	1885
3	1886
3	1887
3	1888
3	1889
3	1890
3	1891
3	1892
3	1893
3	1894
3	1895
3	1896
3	1897
3	1898
3	1899
3	1900
3	1901
3	1902
3	1903
3	1904
3	1905
3	1906
3	1907
3	1908
3	1909
3	1910
3	1911
3	1912
3	1913
3	1914
3	1915
3	1916
3	1917
3	1918
3	1919
3	1920
3	1921
3	1922
3	1923
3	1924
3	1925
3	1926
3	1927
3	1928
3	1929
3	1930
3	1931
3	1932
3	1933
3	1934
3	1935
3	1936
3	1938
3	1939
3	1941
3	1942
3	1943
3	1944
3	1945
3	1946
3	1947
3	1948
3	1949
3	1950
3	1951
3	1953
3	1954
3	1955
3	1957
3	1959
3	1960
3	1961
3	1962
3	1963
3	1968
3	1969
3	1971
3	1972
3	1973
3	1974
3	1977
3	1978
3	1979
3	1980
3	1981
3	1982
3	1986
3	1987
3	1988
3	1990
3	1991
3	1992
3	1995
3	1996
3	1998
3	2001
3	2003
3	2004
3	2005
3	2006
3	2007
3	2008
3	2009
3	2011
3	2012
3	2013
3	2014
3	2015
3	2016
3	2017
3	235
3	2019
3	242
3	2020
3	2021
3	2022
3	2023
3	2024
3	2025
3	2026
3	2027
3	2028
3	2029
3	2030
3	2031
3	2032
3	2033
3	2034
3	2035
3	2036
3	2038
3	2041
3	2042
3	2043
3	2045
3	2047
3	2048
3	2049
3	2050
3	2051
3	2053
3	2054
3	2056
3	2057
3	2058
3	2059
3	2060
3	2061
3	2062
3	2063
3	2064
3	2066
3	2067
3	2068
3	2070
3	2071
3	2072
3	2073
3	2075
3	2076
3	2077
3	2078
3	2079
3	2081
3	2082
3	2085
3	2086
3	2087
3	2088
3	2089
3	2090
3	2091
3	2092
3	2093
3	2095
3	2096
3	2098
3	2099
3	2100
3	2101
3	2102
3	2103
3	2104
3	2105
3	2106
3	2107
3	2108
3	2109
3	2110
3	2111
3	2112
3	2113
3	2114
3	2115
3	2118
3	2119
3	2120
3	2121
3	2122
3	2123
3	2124
3	2125
3	2126
3	2127
3	2128
3	2129
3	2130
3	2132
3	2133
3	2136
3	2137
3	2138
3	2139
3	2140
3	2141
3	2142
3	2143
3	2144
3	2145
3	2146
3	2148
3	2149
3	2150
3	2151
3	2153
3	2154
3	2155
3	2156
3	2157
3	2158
3	2159
3	2160
3	2161
3	2162
3	2163
3	2164
3	2165
3	2166
3	2167
3	2168
3	2169
3	2170
3	2171
3	2172
3	2175
3	2177
3	2178
3	2179
3	2180
3	2181
3	2182
3	2183
3	2184
3	2189
3	2190
3	2191
3	2192
3	2193
3	2194
3	2196
3	2197
3	2198
3	2199
3	2200
3	2201
3	2202
3	2203
3	2204
3	2206
3	2207
3	2208
3	2209
3	2210
3	2211
3	2212
3	2213
3	2214
3	2215
3	2217
3	2218
3	2219
3	2220
3	2221
3	2222
3	2223
3	2224
3	2225
3	2226
3	2228
3	2229
3	2230
3	2231
3	2232
3	2233
3	2234
3	2235
3	2236
3	2237
3	2238
3	2239
3	2240
3	2241
3	2242
3	2243
3	2244
3	2245
3	2246
3	2247
3	2248
3	2249
3	2250
3	2251
3	2252
3	2253
3	2254
3	2255
3	2256
3	2257
3	2258
3	2259
3	2260
3	2261
3	2262
3	2263
3	2264
3	2265
3	2266
3	2267
3	2268
3	2269
3	2270
3	2271
3	2272
3	2273
3	2274
3	2275
3	2276
3	2277
3	2278
3	2279
3	2280
3	2281
3	2282
3	2283
3	2285
3	2286
3	2287
3	2288
3	2289
3	2290
3	2291
3	2292
3	2293
3	2294
3	2295
3	2296
3	2297
3	2298
3	2299
3	2300
3	2301
3	2302
3	2303
3	2304
3	2305
3	2307
3	2308
3	2309
3	2310
3	2311
3	2312
3	2313
3	2314
3	2315
3	2316
3	2317
3	2318
3	2319
3	2320
3	2321
3	2322
3	2323
3	2324
3	2325
3	2326
3	2327
3	2328
3	2330
3	2331
3	2332
3	2333
3	2334
3	2335
3	2336
3	2337
3	2338
3	2339
3	2340
3	2341
3	2342
3	2343
3	2344
3	2345
3	2346
3	2347
3	2348
3	2349
3	2350
3	2351
3	2352
3	2353
3	2354
3	2355
3	2356
3	2359
3	2360
3	2361
3	2363
3	2364
3	2365
3	2366
3	2367
3	2368
3	2369
3	2370
3	2371
3	2372
3	2373
3	2374
3	2375
3	2376
3	2377
3	2378
3	2379
3	2380
3	2381
3	2383
3	2385
3	2386
3	2387
3	2388
3	2389
3	2390
3	2391
3	2392
3	2393
3	2394
3	2395
3	2396
3	2397
3	2398
3	2399
3	2400
3	2401
3	2402
3	2403
3	2404
3	2405
3	2406
3	2407
3	2408
3	2409
3	2410
3	2411
3	2412
3	2413
3	2414
3	2415
3	2416
3	2418
3	2419
3	2420
3	2421
3	2422
3	2423
3	2424
3	2425
3	2426
3	2427
3	2428
3	2429
3	2430
3	2431
3	2432
3	2433
3	2434
3	2435
3	2436
3	2437
3	2438
3	2439
3	2440
3	2441
3	2442
3	2443
3	2444
3	2445
3	2446
3	2447
3	2448
3	2450
3	2451
3	2452
3	2453
3	2454
3	2455
3	2456
3	2457
3	2458
3	2459
3	2460
3	2461
3	2462
3	2463
3	2464
3	2465
3	2466
3	2468
3	2469
3	2470
3	2471
3	2472
3	2473
3	2474
3	2475
3	2476
3	2477
3	2478
3	2479
3	2480
3	2481
3	2482
3	2483
3	2484
3	2485
3	2486
3	2487
3	2488
3	2489
3	2490
3	2491
3	2492
3	2493
3	2494
3	2495
3	2496
3	2497
3	2498
3	2499
3	2500
3	2501
3	2502
3	2503
3	2504
3	2505
3	2506
3	2507
3	2508
3	2509
3	2510
3	2511
3	2512
3	2513
3	2514
3	2515
3	2516
3	2517
3	2518
3	2519
3	2520
3	2521
3	2522
3	2524
3	2525
3	2526
3	2527
3	2528
3	2529
3	2530
3	2531
3	2532
3	2533
3	2534
3	2535
3	2537
3	2538
3	2539
3	2540
3	2541
3	2542
3	2543
3	2544
3	2545
3	2546
3	2547
3	2548
3	2549
3	2550
3	2551
3	2552
3	2553
3	2554
3	2555
3	2556
3	2557
3	2558
3	2559
3	2560
3	2561
3	2563
3	2564
3	2565
3	2566
3	2567
3	2568
3	2569
3	2570
3	2571
3	2572
3	2573
3	2574
3	2575
3	2576
3	2577
3	2578
3	2579
3	2580
3	2581
3	2582
3	2583
3	2584
3	2585
3	2586
3	2587
3	2588
3	2589
3	2590
3	2592
3	2593
3	2594
3	2595
3	2596
3	2597
3	2598
3	2599
3	2600
3	2601
3	2602
3	2603
3	2604
3	2605
3	2606
3	2607
3	2608
3	2609
3	2610
3	2611
3	2612
3	2613
3	2614
3	2615
3	2616
3	2617
3	2618
3	2619
3	2620
3	2622
3	2623
3	2624
3	2625
3	2626
3	2628
3	2629
3	2630
3	2631
3	2632
3	2633
3	2634
3	2635
3	2636
3	2637
3	2638
3	2639
3	2640
3	2641
3	2642
3	2643
3	2644
3	2645
3	2646
3	2647
3	2648
3	2649
3	2650
3	2651
3	2652
3	2653
3	2654
3	2656
3	2657
3	2658
3	2659
3	2660
3	2661
3	2662
3	2663
3	2664
3	2665
3	2666
3	2667
3	2668
3	2669
3	2670
3	2671
3	2672
3	2673
3	2674
3	2675
3	2676
3	2677
3	2678
3	2679
3	2680
3	2681
3	2682
3	2683
3	2684
3	2685
3	2686
3	2687
3	2688
3	2689
3	2690
3	2691
3	2692
3	2693
3	2694
3	2695
3	2696
3	2697
3	2698
3	2699
3	2700
3	2701
3	2702
3	2703
3	2704
3	2705
3	2706
3	2707
3	2708
3	2709
3	2710
3	2711
3	2712
3	2713
3	2714
3	2715
3	2716
3	2717
3	2718
3	2719
3	2720
3	2721
3	2722
3	2723
3	2724
3	2725
3	2726
3	2727
3	2728
3	2729
3	2730
3	2731
3	2732
3	2733
3	2734
3	2735
3	2736
3	2737
3	2738
3	2739
3	2740
3	2741
3	2742
3	2743
3	2744
3	2745
3	2746
3	2747
3	2748
3	2749
3	2750
3	2751
3	2752
3	2753
3	2754
3	2755
3	2756
3	2757
3	2758
3	2759
3	2760
3	2761
3	2762
3	2763
3	2764
3	2765
3	2766
3	2767
3	2768
3	2769
3	2770
3	2771
3	2772
3	2773
3	2774
3	2775
3	2776
3	2777
3	2778
3	2779
3	2780
3	2781
3	2782
3	2783
3	2784
3	2785
3	2786
3	2787
3	2788
3	2789
3	2790
3	2791
3	2792
3	2794
3	2795
3	2796
3	2797
3	2798
3	2799
3	2800
3	2801
3	2802
3	2803
3	2804
3	2805
3	2806
3	2807
3	2808
3	2809
3	2810
3	2811
3	2812
3	2813
3	2814
3	2815
3	2816
3	2817
3	2818
3	2819
3	2820
3	2821
3	2822
3	2823
3	2824
3	2825
3	2826
3	2827
3	2828
3	2829
3	2830
3	2831
3	2832
3	2833
3	2834
3	2835
3	2836
3	2837
3	2838
3	2839
3	2840
3	2841
3	2842
3	2843
3	2844
3	2845
3	2846
3	2847
3	2848
3	2849
3	2850
3	2851
3	2852
3	2853
3	2854
3	2855
3	2856
3	2857
3	2858
3	2859
3	2860
3	2861
3	2862
3	2863
3	2864
3	2865
3	2866
3	2867
3	2869
3	2870
3	2871
3	2872
3	2873
3	2874
3	2875
3	2876
3	2877
3	2878
3	2879
3	2880
3	2881
3	2882
3	2883
3	2884
3	2885
3	2886
3	2887
3	2888
3	2889
3	2890
3	2891
3	2892
3	2893
3	2894
3	2895
3	2896
3	2897
3	2898
3	2899
3	2900
3	2901
3	2902
3	2903
3	2904
3	2905
3	2906
3	2907
3	2908
3	2909
3	2910
3	2911
3	2912
3	2913
3	2914
3	2915
3	2916
3	2917
3	2918
3	2919
3	2921
3	2923
3	2924
3	2925
3	2926
3	2927
3	2928
3	2929
3	2930
3	2931
3	2932
3	2933
3	2934
3	2935
3	2936
3	2937
3	2938
3	2939
3	2940
3	2941
3	2942
3	2943
3	2946
3	2947
3	2948
3	2949
3	2950
3	2951
3	2953
3	2955
3	2957
3	2958
3	2959
3	2960
3	2961
3	2962
3	2963
3	2964
3	2965
3	2966
3	2967
3	2968
3	2969
3	2970
3	2971
3	2972
3	2973
3	2974
3	2975
3	2976
3	2977
3	2978
3	2979
3	2980
3	2981
3	2982
3	2983
3	2984
3	2985
3	2986
3	2987
3	2988
3	2989
3	2990
3	2991
3	2992
3	2993
3	2994
3	2995
3	2996
3	2997
3	2998
3	2999
3	3000
3	3001
3	3002
3	3003
3	3004
3	3005
3	3006
3	3007
3	3008
3	3009
3	3010
3	3011
3	3012
3	3013
3	3014
3	3015
3	3016
3	3017
3	3018
3	3019
3	3020
3	3021
3	3022
3	3023
3	3024
3	3025
3	3026
3	3027
3	3028
3	3029
3	3030
3	3031
3	3032
3	3033
3	3034
3	3035
3	3036
3	3037
3	3038
3	3039
3	3040
3	3041
3	3042
3	3043
3	3044
3	3045
3	3046
3	3047
3	3048
3	3049
3	3050
3	3051
3	3052
3	3053
3	3054
3	3055
3	3056
3	3057
3	3058
3	3059
3	3060
3	3061
3	3062
3	3063
3	3064
3	3065
3	3066
3	3067
3	3068
3	3069
3	3070
3	3071
3	3072
3	3073
3	3074
3	3075
3	3076
3	3077
3	3078
3	3079
3	3080
3	3081
3	3082
3	3083
3	3084
3	3085
3	3086
3	3087
3	3088
3	3089
3	3090
3	3091
3	3092
3	3093
3	3094
3	3095
3	3096
3	3097
3	3098
3	3099
3	3101
3	3102
3	3104
3	3105
3	3106
3	3107
3	3108
3	3109
3	3110
3	3111
3	3112
3	3113
3	3114
3	3115
3	3116
3	3117
3	3118
3	3119
3	3120
3	3121
3	3122
3	3123
3	3124
3	3125
3	3126
3	3127
3	3128
3	3129
3	3130
3	3131
3	3132
3	3133
3	3134
3	3136
3	3137
3	3138
3	3139
3	3140
3	3141
3	3142
3	3143
3	3144
3	3145
3	3146
3	3147
3	3148
3	3149
3	3150
3	3151
3	3152
3	3153
3	3154
3	3155
3	3156
3	3157
3	3158
3	3159
3	3160
3	3161
3	3162
3	3163
3	3164
3	3165
3	3166
3	3167
3	3168
3	3169
3	3170
3	3171
3	3172
3	3173
3	3174
3	3175
3	3176
3	3178
3	3179
3	3180
3	3181
3	3182
3	3183
3	3184
3	3185
3	3186
3	3187
3	3188
3	3189
3	3190
3	3191
3	3192
3	3193
3	3194
3	3195
3	3196
3	3197
3	3198
3	3199
3	3201
3	3203
3	3204
3	3205
3	3206
3	3207
3	3208
3	3209
3	3210
3	3211
3	3212
3	3213
3	3214
3	3215
3	3216
3	3217
3	3218
3	3219
3	3220
3	3221
3	3222
3	3223
3	3224
3	3225
3	3226
3	3229
3	3230
3	3231
3	3232
3	3233
3	3234
3	3235
3	3236
3	3237
3	3238
3	3239
3	3240
3	3241
3	3242
3	3243
3	3244
3	3245
3	3246
3	3247
3	3248
3	3249
3	3250
3	3251
3	3252
3	3253
3	3254
3	3255
3	3256
3	3257
3	3258
3	3259
3	3260
3	3261
3	3262
3	3263
3	3264
3	3265
3	3266
3	3267
3	3268
3	3269
3	3270
3	3271
3	3272
3	3273
3	3274
3	3275
3	3276
3	3277
3	3278
3	3279
3	3280
3	3281
3	3282
3	3283
3	3284
3	3285
3	3286
3	3287
3	3288
3	3289
3	3290
3	3291
3	3292
3	3293
3	3294
3	3295
3	3297
3	3298
3	3299
3	3300
3	3301
3	3302
3	3303
3	3304
3	3305
3	3306
3	3307
3	3308
3	3309
3	3310
3	3311
3	3312
3	3313
3	3314
3	3315
3	3316
3	3317
3	3318
3	3319
3	3320
3	3321
3	3322
3	3323
3	3324
3	3325
3	3326
3	3327
3	3328
3	3329
3	3330
3	3331
3	3332
3	3333
3	3334
3	3335
3	3336
3	3337
3	3338
3	3339
3	3340
3	3341
3	3342
3	3343
3	3344
3	3345
3	3346
3	3348
3	3349
3	3350
3	3351
3	3352
3	3353
3	3354
3	3356
3	3357
3	3358
3	3359
3	3360
3	3361
3	3362
3	3363
3	3364
3	3365
3	3366
3	3367
3	3368
3	3369
3	3370
3	3371
3	3372
3	3373
3	3374
3	3375
3	3376
3	3377
3	3380
3	3381
3	3382
3	3383
3	3384
3	3385
3	3387
3	3388
3	3390
3	3391
3	3392
3	3393
3	3394
3	3395
3	3396
3	3397
3	3398
3	3399
3	3400
3	3401
3	3402
3	3403
3	3404
3	3405
3	3406
3	3407
3	3408
3	3409
3	3410
3	3411
3	3412
3	3413
3	3414
3	3415
3	3416
3	3417
3	3418
3	3419
3	3421
3	3422
3	3423
3	3424
3	3425
3	3426
3	3427
3	3428
3	3429
3	3430
3	3431
3	3432
3	3433
3	3434
3	3435
3	3436
3	3437
3	3438
3	3439
3	3440
3	3441
3	3442
3	3443
3	3444
3	3445
3	3446
3	3447
3	3448
3	3449
3	3450
3	3451
3	3452
3	3453
3	3454
3	3455
3	3456
3	3457
3	3458
3	3459
3	3460
3	3461
3	3462
3	3463
3	3464
3	3465
3	3466
3	3467
3	3468
3	3469
3	3470
3	3472
3	3473
3	3474
3	3475
3	3476
3	3477
3	3478
3	3479
3	3480
3	3481
3	3482
3	3483
3	3484
3	3485
3	3487
3	3488
3	3489
3	3490
3	3491
3	3492
3	3493
3	3494
3	3495
3	3496
3	3498
3	3499
3	3500
3	3501
3	3502
3	3503
3	3504
3	3505
3	3506
3	3507
3	3508
3	3509
3	3510
3	3511
3	3512
3	3513
3	3514
3	3515
3	3516
3	3517
3	3518
3	3519
3	3520
3	3521
3	3522
3	3523
3	3524
3	3525
3	3526
3	3527
3	3528
3	3529
3	3530
3	3531
3	3532
3	3533
3	3534
3	3535
3	3536
3	3537
3	3538
3	3539
3	3541
3	3542
3	3543
3	3544
3	3545
3	3546
3	3547
3	3548
3	3549
3	3550
3	3551
3	3552
3	3553
3	3554
3	3555
3	3556
3	3557
3	3558
3	3559
3	3560
3	3561
3	3562
3	3563
3	3564
3	3565
3	3566
3	3567
3	3568
3	3569
3	3570
3	3571
3	3572
3	3573
3	3574
3	3575
3	3576
3	3577
3	3578
3	3579
3	3580
3	3581
3	3582
3	3583
3	3584
3	3585
3	3586
3	3587
3	3588
3	3589
3	3590
3	3591
3	3592
3	3593
3	3594
3	3595
3	3596
3	3597
3	3598
3	3599
3	3600
3	3601
3	3602
3	3603
3	3604
3	3605
3	3606
3	3607
3	3608
3	3609
3	3610
3	3611
3	3612
3	3613
3	3614
3	3615
3	3616
3	3617
3	3618
3	3619
3	3620
3	3621
3	3622
3	3623
3	3624
3	3625
3	3626
3	3627
3	3628
3	3629
3	3630
3	3631
3	3632
3	3633
3	3634
3	3635
3	3636
3	3637
3	3638
3	3639
3	3640
3	3641
3	3642
3	3643
3	3644
3	3646
3	3647
3	3648
3	3649
3	3650
3	3651
3	3652
3	3654
3	3655
3	3656
3	3657
3	3658
3	3659
3	3660
3	3661
3	3662
3	3663
3	3664
3	3665
3	3666
3	3667
3	3668
3	3669
3	3670
3	3671
3	3672
3	3674
3	3675
3	3678
3	3679
3	3680
3	3682
3	3683
3	3684
3	3685
3	3686
3	3687
3	3688
3	3689
3	3690
3	3691
3	3692
3	3693
3	3694
3	3695
3	3696
3	3697
3	3698
3	3699
3	3700
3	3701
3	3702
3	3703
3	3704
3	3705
3	3706
3	3707
3	3708
3	3709
3	3710
3	3711
3	3712
3	3713
3	3714
3	3715
3	3716
3	3717
3	3718
3	3719
3	3720
3	3721
3	3722
3	3723
3	3724
3	3725
3	3726
3	3727
3	3728
3	3729
3	3730
3	3731
3	3732
3	3733
3	3734
3	3736
3	3737
3	3738
3	3739
3	3740
3	3741
3	3742
3	3743
3	3744
3	3745
3	3746
3	3747
3	3748
3	3749
3	3750
3	3751
3	3752
3	3753
3	3754
3	3755
3	3756
3	3757
3	3758
3	3759
3	3760
3	3761
3	3762
3	3763
3	3764
3	3765
3	3766
3	3767
3	3768
3	3769
3	3770
3	3771
3	3772
3	3773
3	3774
3	3775
3	3776
3	3777
3	3778
3	3779
3	3780
3	3781
3	3782
3	3783
3	3784
3	3785
3	3786
3	3787
3	3788
3	3789
3	3790
3	3791
3	3792
3	3793
3	3794
3	3795
3	3796
3	3797
3	3798
3	3799
3	3800
3	3801
3	3802
3	3803
3	3804
3	3805
3	3806
3	3807
3	3808
3	3809
3	3810
3	3811
3	3812
3	3813
3	3814
3	3815
3	3816
3	3817
3	3818
3	3819
3	3820
3	3821
3	3822
3	3823
3	3824
3	3825
3	3826
3	3827
3	3828
3	3829
3	3830
3	3831
3	3832
3	3833
3	3834
3	3835
3	3836
3	3837
3	3838
3	3839
3	3840
3	3841
3	3842
3	3843
3	3844
3	3845
3	3846
3	3847
3	3848
3	3849
3	3850
3	3851
3	3852
3	3853
3	3854
3	3855
3	3856
3	3857
3	3858
3	3859
3	3860
3	3861
3	3862
3	3863
3	3864
3	3865
3	3866
3	3867
3	3868
3	3869
3	3870
3	3871
3	3872
3	3873
3	3874
3	3875
3	3876
3	3877
3	3878
3	3879
3	3880
3	3881
3	3882
3	3883
3	3884
3	3885
3	3886
3	3887
3	3888
3	3889
3	3890
3	3891
3	3892
3	3893
3	3894
3	3895
3	3896
3	3897
3	3898
3	3899
3	3900
3	3901
3	3902
3	3903
3	3904
3	3905
3	3906
3	3907
3	3908
3	3909
3	3910
3	3911
3	3912
3	3913
3	3914
3	3915
3	3916
3	3917
3	3918
3	3919
3	3921
3	3922
3	3923
3	3924
3	3925
3	3926
3	3927
3	3928
3	3929
3	3930
3	3931
3	3932
3	3933
3	3934
3	3935
3	3936
3	3937
3	3938
3	3939
3	3940
3	3941
3	3942
3	3943
3	3944
3	3945
3	3946
3	3947
3	3948
3	3949
3	3950
3	3951
3	3952
3	3954
3	3955
3	3956
3	3957
3	3958
3	3959
3	3960
3	3961
3	3962
3	3963
3	3964
3	3965
3	3966
3	3967
3	3968
3	3969
3	3970
3	3971
3	3972
3	3973
3	3974
3	3975
3	3976
3	3977
3	3978
3	3979
3	3980
3	3981
3	3982
3	3983
3	3984
3	3985
3	3986
3	3987
3	3988
3	3989
3	3992
3	3993
3	3994
3	3995
3	3996
3	3997
3	3998
3	3999
3	4000
3	4002
3	4003
3	4004
3	4005
3	4006
3	4007
3	4008
3	4009
3	4010
3	4011
3	4012
3	4013
3	4014
3	4015
3	4016
3	4017
3	4018
3	4019
3	4020
3	4021
3	4022
3	4023
3	4024
3	4025
3	4026
3	4027
3	4028
3	4029
3	4030
3	4031
3	4032
3	4033
3	4034
3	4035
3	4036
3	4037
3	4038
3	4039
3	4040
3	4041
3	4042
3	4043
3	4044
3	4045
3	4046
3	4047
3	4048
3	4050
3	4051
3	4052
3	4053
3	4054
3	4055
3	4056
3	4057
3	4058
3	4059
3	4060
3	4062
3	4063
3	4065
3	4066
3	4067
3	4068
3	4069
3	4070
3	4071
3	4072
3	4073
3	4074
3	4075
3	4076
3	4077
3	4078
3	4079
3	4080
3	4084
3	4085
3	4086
3	4087
3	4088
3	4089
3	4090
3	4091
3	4092
3	4093
3	4094
3	4095
3	4096
3	4097
3	4098
3	4099
3	4100
3	4101
3	4102
3	4103
3	4105
3	4106
3	4107
3	4108
3	4110
3	4111
3	4112
3	4113
3	4114
3	4115
3	4116
3	4117
3	4118
3	4119
3	4120
3	4121
3	4122
3	328
3	329
3	4130
3	4132
3	4135
3	4136
3	4137
3	4138
3	4139
3	4140
3	4141
3	4142
3	4143
3	4144
3	4145
3	4146
3	4147
3	4148
3	4149
3	4150
3	4151
3	4152
3	4153
3	4154
3	4155
3	4156
3	4157
3	4158
3	4159
3	4160
3	4161
3	4162
3	4163
3	4164
3	4165
3	4166
3	4167
3	4168
3	4169
3	4170
3	4171
3	4172
3	4173
3	4174
3	4175
3	4176
3	4177
3	4178
3	4179
3	4180
3	4181
3	4182
3	4183
3	4184
3	4185
3	4186
3	4187
3	4188
3	4189
3	4190
3	4191
3	4192
3	4193
3	4194
3	4195
3	4196
3	4198
3	4199
3	4200
3	4201
3	4202
3	4203
3	4204
3	4206
3	4207
3	4208
3	4209
3	4210
3	4211
3	4212
3	4213
3	4214
3	4215
3	4216
3	4217
3	4218
3	4219
3	4220
3	4221
3	4222
3	4223
3	4224
3	4225
3	4226
3	4227
3	4228
3	4230
3	4231
3	4232
3	4233
3	4234
3	4235
3	4236
3	4237
3	4238
3	4239
3	4240
3	4241
3	4242
3	4243
3	4245
3	4246
3	4248
3	4249
3	4250
3	4251
3	4252
3	4253
3	4255
3	4256
3	4257
3	4258
3	4259
3	4260
3	4261
3	4262
3	4263
3	4264
3	4265
3	4266
3	4267
3	4268
3	4269
3	4270
3	4271
3	4272
3	4273
3	4274
3	4275
3	4276
3	4277
3	4279
3	4280
3	4281
3	4282
3	4283
3	4284
3	4285
3	4286
3	4287
3	4288
3	4289
3	4290
3	4291
3	4292
3	4293
3	4294
3	4295
3	4296
3	4297
3	4298
3	4299
3	4300
3	4301
3	4302
3	4303
3	4304
3	4305
3	4306
3	4307
3	4308
3	4309
3	4310
3	4311
3	4312
3	4313
3	4314
3	4315
3	4316
3	4317
3	4318
3	4319
3	4320
3	4321
3	4322
3	4323
3	4324
3	4325
3	4326
3	4327
3	4328
3	4329
3	4330
3	4331
3	4332
3	4333
3	4334
3	4335
3	4336
3	4337
3	4338
3	4339
3	4340
3	4341
3	4342
3	4343
3	4344
3	4345
3	4346
3	4347
3	4348
3	4350
3	4351
3	4352
3	4353
3	4354
3	4355
3	4356
3	4357
3	4358
3	4359
3	4360
3	4361
3	4362
3	4363
3	4364
3	4365
3	4366
3	4367
3	4368
3	4369
3	4370
3	4371
3	4372
3	4373
3	4374
3	4375
3	4376
3	4377
3	4378
3	4379
3	4381
3	4382
3	4383
3	4384
3	4385
3	4386
3	4387
3	4388
3	4389
3	4390
3	4391
3	4392
3	4393
3	4394
3	4395
3	4396
3	4397
3	4398
3	4399
3	4400
3	4401
3	4402
3	4403
3	4404
3	4405
3	4406
3	4407
3	4408
3	4409
3	4410
3	4411
3	4412
3	4413
3	4414
3	4415
3	4416
3	4417
3	4418
3	4419
3	4420
3	4421
3	4422
3	4423
3	4424
3	4425
3	4426
3	4427
3	4428
3	4429
3	4430
3	4431
3	4432
3	4433
3	4434
3	4435
3	4436
3	4437
3	4441
3	4442
3	4443
3	4444
3	4445
3	4446
3	4447
3	4448
3	4449
3	4450
3	4451
3	4452
3	4453
3	4454
3	4457
3	4458
3	4459
3	4460
3	4461
3	4462
3	4463
3	4464
3	4465
3	4466
3	4467
3	4468
3	4469
3	4470
3	4471
3	4472
3	4473
3	4474
3	4475
3	4476
3	4478
3	4479
3	4480
3	4481
3	4482
3	4483
3	4484
3	4485
3	4486
3	4487
3	4488
3	4489
3	4490
3	4491
3	4492
3	4493
3	4494
3	4495
3	4496
3	4497
3	4498
3	4499
3	4500
3	4501
3	4503
3	4504
3	4505
3	4506
3	4507
3	4508
3	4509
3	4510
3	4511
3	4512
3	4513
3	4514
3	4515
3	4516
3	4517
3	4518
3	4519
3	4520
3	4521
3	4522
3	4523
3	4524
3	4525
3	4526
3	4527
3	4528
3	4529
3	4531
3	4532
3	4533
3	4534
3	4535
3	4537
3	4538
3	4539
3	4540
3	4541
3	4542
3	4543
3	4544
3	4545
3	4546
3	4547
3	4548
3	4549
3	4550
3	4551
3	4552
3	4553
3	4554
3	4555
3	4556
3	4557
3	4558
3	4559
3	4560
3	4561
3	4562
3	4563
3	4564
3	4565
3	4566
3	4567
3	4569
3	4570
3	4571
3	4572
3	4573
3	4574
3	4575
3	4576
3	4577
3	4578
3	4579
3	4580
3	4581
3	4582
3	4583
3	4584
3	4585
3	4586
3	4587
3	4588
3	4589
3	4590
3	4591
3	4592
3	4593
3	4594
3	4595
3	4596
3	4597
3	4598
3	4599
3	4600
3	4601
3	4602
3	4603
3	4604
3	4605
3	4606
3	4607
3	4608
3	4609
3	4610
3	4611
3	4612
3	4614
3	4615
3	4616
3	4617
3	4618
3	4619
3	4620
3	4621
3	4622
3	4623
3	4624
3	4625
3	4626
3	4627
3	4628
3	4629
3	4630
3	4631
3	4632
3	4633
3	4634
3	4635
3	4636
3	4637
3	4638
3	4639
3	4640
3	4641
3	4642
3	4643
3	4644
3	4645
3	4646
3	4647
3	4648
3	4649
3	4650
3	4651
3	4652
3	4653
3	4656
3	4657
3	4658
3	4659
3	4660
3	4661
3	4662
3	4663
3	4664
3	4665
3	4666
3	4667
3	4668
3	4669
3	4670
3	4671
3	4673
3	4674
3	4675
3	4676
3	4677
3	4681
3	4683
3	4684
3	4685
3	4686
3	4688
3	4691
3	4692
3	4693
3	4694
3	4695
3	4696
3	4697
3	4698
3	4699
3	4700
3	4701
3	4703
3	4704
3	4705
3	4706
3	4708
3	4709
3	4710
3	4711
3	4712
3	4713
3	4714
3	4715
3	4716
3	4717
3	4718
3	4719
3	4720
3	4721
3	4722
3	4723
3	4724
3	4725
3	4726
3	4727
3	4728
3	4732
3	4733
3	4735
3	4737
3	4738
3	4740
3	4742
3	4747
3	4749
3	4750
3	4751
3	4752
3	4756
3	4757
3	4758
3	4759
3	4760
3	4761
3	4764
3	4765
3	4766
3	4767
3	4771
3	4772
3	4773
3	4774
3	4775
3	4776
3	4777
3	4778
3	4779
3	4780
3	4781
3	4782
3	4783
3	4786
3	4787
3	4788
3	4789
3	4790
3	4791
3	4792
3	4793
3	4795
3	4796
3	4798
3	4799
3	4800
3	4801
3	4802
3	4803
3	4804
3	4805
3	4806
3	4807
3	4809
3	4810
3	4811
3	4812
3	4813
3	4814
3	4815
3	4816
3	4817
3	4818
3	4819
3	4820
3	4821
3	4822
3	4823
3	4824
3	4825
3	4826
3	4827
3	4828
3	4829
3	4830
3	4831
3	4832
3	4833
3	4834
3	4835
3	4836
3	4837
3	4838
3	4839
3	4840
3	4841
3	452
3	4842
3	4843
3	4844
3	4845
3	4846
3	4848
3	4849
3	4850
3	4851
3	4852
3	4853
3	4854
3	4855
3	4856
3	4857
3	4858
3	4859
3	4860
3	4861
3	4862
3	4863
3	4864
3	4865
3	4866
3	4868
3	4871
3	4872
3	4873
3	4874
3	4875
3	4876
3	4877
3	4878
3	4879
3	4880
3	4881
3	4882
3	4883
3	4884
3	4885
3	4886
3	4887
3	4889
3	4890
3	4891
3	4892
3	4893
3	4895
3	4896
3	4897
3	4898
3	4899
3	4903
3	4905
3	4907
3	4908
3	4909
3	4910
3	4911
3	4912
3	4913
3	4914
3	4915
3	4916
3	4917
3	4918
3	4919
3	4920
3	4921
3	4922
3	4923
3	4924
3	4925
3	4927
3	4928
3	4929
3	4930
3	4931
3	4932
3	4933
3	4934
3	4935
3	4937
3	4938
3	4939
3	4940
3	4941
3	4942
3	4943
3	4944
3	4945
3	4946
3	4947
3	4948
3	4950
3	4951
3	4952
3	4954
3	4955
3	4956
3	4957
3	4961
3	4962
3	4963
3	4964
3	4965
3	4966
3	4967
3	4968
3	4969
3	4970
3	4971
3	4972
3	4973
3	4974
3	4975
3	4976
3	4977
3	4978
3	4979
3	4980
3	4981
3	4982
3	4983
3	4984
3	4985
3	4986
3	4987
3	4988
3	4989
3	4991
3	4992
3	4993
3	4994
3	5000
3	5001
3	5002
3	5003
3	5005
3	5006
3	5007
3	5008
3	5009
3	5010
3	5011
3	5012
3	5013
3	5014
3	5015
3	5017
3	5018
3	5019
3	5020
3	5021
3	5022
3	467
3	5023
3	5024
3	5025
3	5026
3	5028
3	5029
3	5030
3	5031
3	5032
3	5033
3	5035
3	5036
3	5037
3	5038
3	5039
3	5040
3	5041
3	5042
3	5043
3	5045
3	5046
3	5047
3	5048
3	5049
3	5050
3	5051
3	5052
3	5054
3	5055
3	5056
3	5057
3	5059
3	5063
3	5065
3	5066
3	5067
3	5068
3	5069
3	5070
3	5072
3	5074
3	5078
3	5080
3	5081
3	5082
3	5085
3	5091
3	5095
3	5097
3	5098
3	5099
3	5100
3	5104
3	5105
3	5106
3	5107
3	5108
3	5109
3	5110
3	5112
3	5116
3	5117
3	5118
3	5119
3	5121
3	5122
3	5123
3	5124
3	5125
3	5126
3	5127
3	5128
3	5130
3	5131
3	5132
3	5133
3	5136
3	5137
3	5138
3	5139
3	5140
3	5141
3	5142
3	5143
3	5144
3	5145
3	5146
3	5150
3	490
3	5151
3	5152
3	5153
3	5154
3	5155
3	5156
3	5157
3	5158
3	5159
3	5160
3	5161
3	5162
3	5163
3	5164
3	5165
3	5166
3	5167
3	5169
3	5170
3	5171
3	5172
3	5173
3	5174
3	5175
3	5176
3	5177
3	5178
3	5179
3	5180
3	5181
3	5182
3	5183
3	5184
3	5185
3	5187
3	5188
3	5189
3	5190
3	5193
3	5194
3	5195
3	5196
3	5197
3	5198
3	5199
3	5200
3	5201
3	5204
3	5205
3	5207
3	5208
3	5214
3	5216
3	5221
3	5223
3	5225
3	5226
3	5227
3	5229
3	5232
3	5233
3	5234
3	5243
3	5244
3	5245
3	5247
3	5251
3	5254
3	5259
3	5260
3	5263
3	5265
3	5268
3	5269
3	5270
3	5271
3	5272
3	5273
3	5274
3	5275
3	5276
3	5277
3	5278
3	5279
3	501
3	5280
3	5281
3	5282
3	5283
3	5284
3	5285
3	5286
3	5287
3	5288
3	5290
3	5291
3	5292
3	5293
3	5294
3	5295
3	5296
3	5297
3	5298
3	5299
3	5300
3	5301
3	5302
3	5303
3	5304
3	5305
3	5306
3	5307
3	5308
3	5309
3	5310
3	5311
3	5312
3	5313
3	5314
3	5315
3	5316
3	5317
3	5318
3	5319
3	5320
3	5321
3	5322
3	5323
3	5324
3	5325
3	5326
3	5327
3	5328
3	5329
3	5330
3	5331
3	5332
3	5333
3	5334
3	5335
3	5336
3	5337
3	5338
3	5339
3	5341
3	5342
3	5343
3	560
3	5345
3	5346
3	5348
3	5350
3	5351
3	5352
3	5353
3	5354
3	5355
3	5356
3	5357
3	5358
3	5359
3	5360
3	5361
3	5362
3	5363
3	5365
3	5366
3	5367
3	5370
3	5371
3	5372
3	5373
3	5374
3	5375
3	5377
3	5378
3	5383
3	5385
3	5386
3	5387
3	5388
3	5389
3	5390
3	5391
3	5393
3	5395
3	5396
3	5398
3	5399
3	5400
3	5401
3	5402
3	5403
3	5405
3	5407
3	5410
3	5412
3	5414
3	5417
3	5418
3	5419
3	5420
3	5421
3	5422
3	5423
3	5424
3	5425
3	5426
3	5427
3	5428
3	5429
3	5430
3	5431
3	5432
3	5433
3	5434
3	5435
3	5436
3	5438
3	5439
3	5440
3	5441
3	5442
3	5443
3	5444
3	5445
3	5446
3	5447
3	5448
3	5449
3	5450
3	5451
3	5452
3	5453
3	5454
3	5455
3	5456
3	5457
3	5459
3	5460
3	5461
3	5462
3	5463
3	5464
3	5465
3	5466
3	5467
3	5468
3	5469
3	5470
3	5471
3	5472
3	5473
3	5474
3	5477
3	5478
3	5479
3	5480
3	5481
3	5482
3	5483
3	5484
3	5485
3	5486
3	5487
3	5488
3	5489
3	5490
3	5491
3	5492
3	5493
3	5494
3	5495
3	5496
3	5497
3	5498
3	5499
3	5500
3	5501
3	5502
3	5503
3	5504
3	5506
3	5507
3	5508
3	5509
3	5510
3	5511
3	5512
3	5514
3	5515
3	5517
3	5519
3	5520
3	5521
3	5522
3	5523
4	5
4	9
4	10
4	12
4	13
4	15
4	19
4	20
4	22
4	38
4	39
4	41
4	44
4	46
4	48
4	49
4	50
4	51
4	54
4	55
4	59
4	131
4	132
4	133
4	134
4	135
4	136
4	137
4	138
4	139
4	142
4	143
4	146
4	147
4	148
4	150
4	152
4	153
4	155
4	157
4	158
4	168
4	170
4	175
4	182
4	184
4	185
4	197
4	198
4	200
4	201
4	203
4	221
4	222
4	223
4	224
4	225
4	228
4	229
4	230
4	231
4	233
4	235
4	236
4	237
4	238
4	239
4	241
4	245
4	249
4	250
4	251
4	252
4	253
4	254
4	255
4	257
4	258
4	259
4	260
4	261
4	262
4	263
4	264
4	266
4	268
4	270
4	272
4	280
4	282
4	283
4	288
4	289
4	290
4	291
4	292
4	293
4	313
4	317
4	318
4	319
4	421
4	423
4	424
4	425
4	426
4	429
4	430
4	431
4	432
4	433
4	434
4	435
4	448
4	451
4	453
4	454
4	458
4	467
4	470
4	471
4	473
4	474
4	476
4	478
4	479
4	482
4	483
4	484
4	485
4	486
4	487
4	489
4	492
4	494
4	495
4	499
4	500
4	503
4	574
4	575
4	576
4	577
4	578
4	579
4	590
4	598
4	603
4	607
4	615
4	617
4	619
4	674
4	675
4	695
4	696
4	698
4	701
4	708
4	744
4	745
4	746
4	747
4	35
4	757
4	758
4	761
4	762
4	763
4	767
4	768
4	772
4	777
4	778
4	784
4	790
4	795
4	797
4	798
4	801
4	805
4	808
4	810
4	812
4	813
4	1523
4	1524
4	1527
4	1528
4	1531
4	1553
4	1554
4	1555
4	1556
4	1557
4	1558
4	1559
4	1562
4	1563
4	1564
4	1565
4	1567
4	1568
4	1570
4	1574
4	1577
4	1578
4	1582
4	1585
4	1587
4	1588
4	1589
4	1590
4	1591
4	1593
4	1594
4	1597
4	1602
4	1603
4	1606
4	1607
4	1608
4	1609
4	1620
4	1646
4	1655
4	1658
4	1660
4	1661
4	1663
4	181
4	1751
4	1752
4	1758
4	1759
4	1760
4	1768
4	1799
4	1808
4	1809
4	1810
4	1963
4	1964
4	1973
4	2007
4	2008
4	2009
4	2012
4	2015
4	2016
4	2017
4	240
4	2018
4	2019
4	242
4	2032
4	2033
4	2044
4	2048
4	2061
4	2062
4	2063
4	2064
4	2065
4	2066
4	2067
4	2068
4	2069
4	2074
4	2075
4	2081
4	2154
4	2169
4	2173
4	2174
4	2176
4	2177
4	2181
4	315
4	2205
4	2212
4	2213
4	2226
4	2227
4	2228
4	2229
4	2233
4	4681
4	4693
4	4701
4	4708
4	4756
4	4758
4	4761
4	4765
4	4766
4	4767
4	4768
4	4772
4	4787
4	4810
4	4813
4	4815
4	4819
4	4820
4	4821
4	4823
4	4824
4	4825
4	4828
4	4831
4	4840
4	4841
4	4842
4	4844
4	4855
4	4859
4	4863
4	4874
4	4903
4	4905
4	4908
4	4910
4	4911
4	4913
4	4914
4	4927
4	4928
4	4932
4	4940
4	4945
4	4961
4	4974
4	4981
4	4989
4	4996
4	5002
4	5011
4	5015
4	5016
4	5017
4	5018
4	5021
4	5022
4	5023
4	5024
4	5030
4	5032
4	5035
4	5038
4	5054
4	5063
4	5066
4	5070
4	5072
4	5077
4	5085
4	5087
4	5091
4	5095
4	5099
4	5100
4	5103
4	5112
4	5115
4	5116
4	5126
4	5130
4	5136
4	5150
4	5165
4	5167
4	5168
4	5169
4	5175
4	5178
4	5179
4	5180
4	5182
4	5276
4	5279
4	501
4	5280
4	5290
4	5295
4	5300
4	5369
4	5371
4	5372
4	5377
4	5378
4	5380
4	5385
4	5432
4	5450
4	5452
4	5462
4	5463
4	5500
4	5501
4	5502
4	5503
4	5504
4	5506
4	5508
4	5514
4	5516
4	5518
4	5522
5	6
5	7
5	8
6	9
6	10
6	11
6	12
6	22
6	33
6	34
6	39
6	40
6	46
6	51
6	57
6	58
6	59
6	60
6	61
6	62
6	63
6	64
6	65
6	66
6	67
6	68
6	70
6	71
6	72
6	73
6	74
6	75
6	76
6	77
6	78
6	79
6	80
6	81
6	83
6	84
6	85
6	86
6	88
6	92
6	93
6	94
6	95
6	96
6	97
6	98
6	99
6	101
6	102
6	104
6	105
6	106
6	107
6	108
6	109
6	110
6	111
6	112
6	114
6	115
6	116
6	117
6	118
6	119
6	120
6	122
6	123
6	124
6	125
6	126
6	127
6	128
6	129
6	130
6	132
6	134
6	137
6	138
6	139
6	142
6	146
6	170
6	172
6	182
6	185
6	197
6	199
6	201
6	207
6	208
6	209
6	211
6	212
6	214
6	215
6	216
6	218
6	220
6	221
6	223
6	224
6	226
6	228
6	231
6	233
6	235
6	237
6	238
6	249
6	250
6	254
6	257
6	258
6	259
6	262
6	264
6	268
6	270
6	283
6	284
6	285
6	287
6	288
6	292
6	297
6	302
6	304
6	307
6	309
6	311
6	318
6	323
6	324
6	327
6	329
6	330
6	331
6	332
6	333
6	334
6	335
6	336
6	338
6	339
6	340
6	341
6	342
6	343
6	344
6	345
6	346
6	347
6	348
6	349
6	350
6	351
6	352
6	353
6	354
6	355
6	356
6	358
6	359
6	360
6	361
6	362
6	363
6	364
6	365
6	366
6	367
6	368
6	369
6	370
6	371
6	372
6	373
6	374
6	376
6	377
6	378
6	379
6	380
6	381
6	382
6	383
6	384
6	385
6	386
6	387
6	388
6	389
6	390
6	391
6	392
6	393
6	394
6	395
6	396
6	397
6	398
6	399
6	400
6	401
6	402
6	406
6	407
6	408
6	409
6	410
6	412
6	418
6	422
6	423
6	425
6	426
6	427
6	428
6	429
6	431
6	432
6	433
6	434
6	435
6	440
6	442
6	443
6	444
6	446
6	448
6	450
6	451
6	453
6	454
6	455
6	456
6	457
6	458
6	459
6	466
6	473
6	474
6	483
6	499
6	511
6	522
6	523
6	538
6	555
6	562
6	563
6	571
6	575
6	579
6	583
6	584
6	589
6	590
6	598
6	614
6	615
6	619
6	672
6	677
6	695
6	696
6	698
6	710
6	727
6	745
6	35
6	757
6	759
6	762
6	772
6	787
6	788
6	793
6	801
6	803
6	805
6	809
6	813
6	827
6	847
6	857
6	82
6	1027
6	1222
6	89
6	1297
6	1302
6	1326
6	1471
6	103
6	1482
6	1528
6	1531
6	1553
6	1554
6	1555
6	1559
6	1565
6	1568
6	1586
6	1590
6	1600
6	1609
6	1622
6	1624
6	1627
6	1635
6	1646
6	1662
6	1663
6	1716
6	1757
6	1758
6	1760
6	1793
6	1796
6	1812
6	1813
6	1833
6	1877
6	1948
6	1962
6	1963
6	1965
6	1967
6	1969
6	1971
6	1974
6	2002
6	222
6	2007
6	2012
6	240
6	2018
6	2019
6	2032
6	2046
6	2048
6	2062
6	2063
6	2072
6	2074
6	2081
6	2087
6	2106
6	2136
6	2138
6	2139
6	2142
6	2143
6	2146
6	2147
6	2148
6	2151
6	2154
6	2155
6	2157
6	2161
6	2162
6	2167
6	2169
6	2170
6	2226
6	2235
6	2305
6	2312
6	2330
6	2361
6	2363
6	2374
6	2377
6	2394
6	2395
6	2396
6	2403
6	2404
6	2453
6	322
6	2803
6	2868
6	2882
6	2883
6	2884
6	2919
6	2920
6	2922
6	2957
6	3228
6	3309
6	3360
6	3409
6	3422
6	3488
6	3559
6	3702
6	3738
6	3919
6	3986
6	3992
6	4060
6	328
6	4177
6	4181
6	4240
6	4263
6	4388
6	4480
6	4681
6	4691
6	4701
6	4707
6	4722
6	4756
6	4757
6	4758
6	4759
6	4761
6	4765
6	4767
6	4772
6	4798
6	4800
6	4801
6	4802
6	4809
6	4810
6	4811
6	4813
6	4815
6	4818
6	4819
6	4821
6	4823
6	4824
6	4825
6	4826
6	4828
6	4830
6	4831
6	4833
6	4837
6	4840
6	4841
6	452
6	4842
6	4844
6	4854
6	4855
6	4856
6	4859
6	4860
6	4863
6	4864
6	4868
6	4874
6	4875
6	4878
6	4879
6	4881
6	4883
6	4885
6	4888
6	4893
6	4903
6	4905
6	4907
6	4908
6	4909
6	4910
6	4911
6	4914
6	4915
6	4917
6	4918
6	4920
6	4923
6	4924
6	4927
6	4928
6	4929
6	4930
6	4931
6	4932
6	4933
6	4934
6	4935
6	4938
6	4939
6	4940
6	4941
6	4943
6	4945
6	4946
6	4947
6	4949
6	4954
6	4955
6	4961
6	4964
6	4965
6	4966
6	4968
6	4969
6	4974
6	4977
6	4978
6	4980
6	4981
6	4985
6	4986
6	4987
6	4991
6	4994
6	5015
6	5017
6	5021
6	5022
6	5023
6	5030
6	5031
6	5032
6	5033
6	5035
6	5039
6	5040
6	5054
6	5061
6	5065
6	5066
6	5067
6	5070
6	5072
6	5073
6	5080
6	5085
6	5087
6	5094
6	5095
6	5098
6	5099
6	5100
6	5126
6	5127
6	5128
6	5137
6	5152
6	5155
6	5162
6	5165
6	5167
6	5276
6	5288
6	5327
6	5329
6	5355
6	5357
6	5371
6	5372
6	5384
6	5385
6	5392
6	5404
6	5405
6	5406
6	5407
6	5409
6	5417
6	5422
6	5423
6	5438
6	5469
6	5471
6	5473
6	5503
6	5504
6	5506
7	9
7	16
7	24
7	25
7	30
7	33
7	41
7	47
7	49
7	50
7	57
7	58
7	59
7	60
7	61
7	62
7	63
7	64
7	65
7	66
7	67
7	68
7	69
7	70
7	71
7	72
7	76
7	77
7	78
7	79
7	81
7	84
7	88
7	92
7	93
7	94
7	95
7	96
7	97
7	98
7	99
7	101
7	102
7	104
7	105
7	106
7	107
7	108
7	110
7	111
7	112
7	114
7	115
7	116
7	117
7	118
7	119
7	120
7	122
7	123
7	124
7	125
7	127
7	130
7	141
7	150
7	160
7	162
7	163
7	164
7	181
7	182
7	183
7	184
7	193
7	194
7	196
7	197
7	198
7	201
7	206
7	212
7	215
7	216
7	218
7	220
7	221
7	225
7	228
7	233
7	236
7	237
7	238
7	239
7	242
7	244
7	270
7	278
7	282
7	307
7	308
7	321
7	322
7	323
7	324
7	327
7	328
7	330
7	331
7	335
7	338
7	340
7	341
7	343
7	345
7	349
7	353
7	354
7	359
7	362
7	363
7	371
7	373
7	379
7	382
7	384
7	397
7	398
7	399
7	400
7	401
7	402
7	408
7	409
7	410
7	413
7	414
7	415
7	418
7	420
7	423
7	424
7	425
7	426
7	431
7	432
7	439
7	440
7	441
7	444
7	446
7	448
7	450
7	453
7	454
7	455
7	457
7	458
7	464
7	468
7	474
7	477
7	481
7	482
7	511
7	512
7	521
7	522
7	524
7	528
7	529
7	533
7	535
7	537
7	538
7	539
7	540
7	541
7	546
7	552
7	553
7	555
7	558
7	560
7	563
7	566
7	567
7	573
7	574
7	575
7	581
7	583
7	584
7	591
7	598
7	600
7	603
7	615
7	619
7	620
7	625
7	652
7	657
7	672
7	673
7	674
7	677
7	678
7	702
7	710
7	711
7	712
7	713
7	714
7	715
7	716
7	717
7	718
7	719
7	720
7	721
7	722
7	725
7	727
7	729
7	732
7	738
7	27
7	35
7	750
7	757
7	762
7	767
7	771
7	772
7	774
7	778
7	779
7	783
7	784
7	785
7	786
7	788
7	800
7	801
7	803
7	805
7	806
7	807
7	808
7	809
7	810
7	811
7	813
7	816
7	817
7	827
7	828
7	829
7	830
7	835
7	836
7	839
7	846
7	847
7	849
7	852
7	853
7	854
7	856
7	859
7	860
7	861
7	862
7	863
7	865
7	867
7	868
7	870
7	874
7	875
7	876
7	877
7	878
7	879
7	880
7	882
7	883
7	884
7	893
7	894
7	895
7	896
7	897
7	899
7	900
7	901
7	905
7	908
7	909
7	910
7	911
7	912
7	913
7	920
7	921
7	923
7	925
7	927
7	931
7	937
7	938
7	939
7	940
7	942
7	946
7	949
7	951
7	952
7	82
7	957
7	958
7	964
7	965
7	967
7	968
7	969
7	970
7	971
7	972
7	973
7	976
7	977
7	979
7	980
7	981
7	983
7	985
7	987
7	988
7	989
7	990
7	991
7	995
7	996
7	997
7	1001
7	1002
7	1004
7	1005
7	1006
7	1007
7	1008
7	1009
7	1011
7	1012
7	1013
7	1014
7	1015
7	1017
7	1018
7	1019
7	1020
7	1022
7	1023
7	1024
7	1027
7	1029
7	1031
7	1032
7	1033
7	1035
7	1038
7	1040
7	1043
7	1044
7	1046
7	1047
7	1048
7	1049
7	85
7	1052
7	1053
7	1055
7	1059
7	1061
7	1066
7	1067
7	1068
7	1071
7	1072
7	1073
7	1074
7	1075
7	1077
7	1078
7	1079
7	1080
7	1081
7	1082
7	1083
7	1084
7	1086
7	1087
7	1088
7	1094
7	1095
7	1096
7	1101
7	1102
7	1104
7	1105
7	1107
7	1108
7	1109
7	1110
7	1111
7	1112
7	1115
7	1117
7	1119
7	1120
7	1121
7	1125
7	1126
7	1127
7	1128
7	1130
7	1131
7	1134
7	1137
7	1146
7	1147
7	1148
7	1149
7	1153
7	1156
7	87
7	1160
7	1163
7	1166
7	1168
7	1169
7	1173
7	1174
7	1177
7	1184
7	1186
7	1188
7	1191
7	1192
7	1193
7	1195
7	1200
7	1202
7	1203
7	1210
7	1211
7	1214
7	1217
7	1220
7	1222
7	1225
7	1227
7	1228
7	1229
7	1232
7	1233
7	1241
7	1242
7	1247
7	1249
7	89
7	1254
7	1257
7	1261
7	1273
7	1274
7	1277
7	1279
7	1288
7	1289
7	1290
7	1291
7	1294
7	1295
7	1297
7	1298
7	1301
7	1308
7	1310
7	1313
7	1318
7	1319
7	1321
7	1326
7	1327
7	1328
7	1331
7	1332
7	1333
7	1334
7	1335
7	1336
7	1338
7	1340
7	1341
7	1342
7	1344
7	1349
7	1350
7	1351
7	1354
7	1355
7	1356
7	1359
7	1361
7	1362
7	1363
7	1364
7	1368
7	1369
7	1370
7	1371
7	1373
7	1374
7	1377
7	1380
7	1381
7	1382
7	1384
7	1385
7	1386
7	1387
7	1388
7	1389
7	1390
7	1393
7	1394
7	1397
7	1398
7	1401
7	1406
7	1407
7	1408
7	1422
7	1425
7	1427
7	1428
7	1432
7	1440
7	1441
7	1443
7	1445
7	1446
7	1447
7	1448
7	1449
7	1451
7	1452
7	1454
7	1457
7	1459
7	1461
7	1474
7	103
7	1478
7	1484
7	1485
7	1486
7	1487
7	1492
7	1493
7	1494
7	1495
7	1497
7	1498
7	1504
7	1505
7	1507
7	1508
7	1509
7	1510
7	1511
7	1512
7	1513
7	1515
7	1516
7	1517
7	1518
7	1520
7	1521
7	131
7	1524
7	1530
7	1553
7	1555
7	1559
7	1568
7	1569
7	1573
7	1576
7	1580
7	1582
7	1584
7	1585
7	1587
7	1591
7	1593
7	1600
7	1601
7	1604
7	1605
7	1613
7	1621
7	1627
7	1632
7	1634
7	1635
7	1637
7	1645
7	1659
7	1661
7	1694
7	1695
7	1696
7	1701
7	1704
7	1705
7	1706
7	1716
7	1717
7	1727
7	1740
7	1744
7	1785
7	1786
7	1790
7	1793
7	1794
7	1796
7	1797
7	1799
7	1800
7	1803
7	1806
7	1810
7	1812
7	1813
7	1817
7	1829
7	1832
7	1834
7	1855
7	1859
7	1877
7	1884
7	1887
7	1889
7	1892
7	1894
7	1895
7	1903
7	1905
7	1907
7	1908
7	1917
7	1927
7	1931
7	1937
7	1940
7	1948
7	1952
7	1954
7	1956
7	1958
7	1962
7	1963
7	1965
7	1969
7	1972
7	1973
7	1977
7	222
7	2004
7	2006
7	2008
7	2009
7	2012
7	2014
7	2015
7	2016
7	235
7	2024
7	2036
7	2048
7	2049
7	2050
7	2057
7	2061
7	2072
7	2075
7	2077
7	2079
7	2080
7	2081
7	2087
7	2094
7	2096
7	2097
7	2098
7	2100
7	2103
7	2113
7	2116
7	2117
7	2129
7	2134
7	2135
7	2142
7	2147
7	2148
7	2149
7	2154
7	2156
7	2157
7	2161
7	2165
7	2169
7	2171
7	2173
7	2183
7	2188
7	2201
7	2202
7	2204
7	2216
7	2229
7	2235
7	2238
7	2245
7	2252
7	2279
7	2299
7	2303
7	2304
7	2305
7	2307
7	2308
7	2309
7	2310
7	2312
7	2313
7	2314
7	2315
7	2317
7	2318
7	2320
7	2322
7	2324
7	2325
7	2326
7	2328
7	2329
7	2330
7	2331
7	2332
7	2334
7	2335
7	2341
7	2346
7	2361
7	2362
7	2363
7	2364
7	2366
7	2367
7	2368
7	2369
7	2372
7	2374
7	2375
7	2376
7	2377
7	2378
7	2380
7	2382
7	2383
7	2384
7	2386
7	2387
7	2388
7	2389
7	2390
7	2391
7	2393
7	2394
7	2395
7	2396
7	2398
7	2399
7	2400
7	2401
7	2403
7	2404
7	2431
7	2433
7	2434
7	2452
7	2453
7	2467
7	2478
7	2484
7	2488
7	2489
7	2511
7	2513
7	2520
7	2522
7	2527
7	2536
7	2550
7	2558
7	2562
7	2569
7	2571
7	2577
7	2588
7	2594
7	2609
7	2619
7	2621
7	2627
7	2633
7	2641
7	2650
7	2653
7	2656
7	2662
7	2666
7	2668
7	2679
7	2699
7	2700
7	2704
7	2705
7	2717
7	2725
7	2741
7	2742
7	2773
7	2793
7	2824
7	2837
7	2838
7	2866
7	2871
7	2882
7	2883
7	2884
7	2919
7	2920
7	2923
7	2924
7	2944
7	2945
7	2946
7	2948
7	2957
7	2977
7	2981
7	2989
7	3004
7	3006
7	3009
7	3013
7	3025
7	3031
7	3042
7	3044
7	3059
7	3068
7	3072
7	3073
7	3095
7	3100
7	3121
7	3131
7	3134
7	3150
7	3151
7	3152
7	3160
7	3169
7	3177
7	3194
7	3228
7	3296
7	3309
7	3321
7	3323
7	3328
7	3355
7	3360
7	3390
7	3409
7	3410
7	3420
7	3422
7	3433
7	3434
7	3451
7	3456
7	3457
7	3458
7	3462
7	3484
7	3488
7	3489
7	3490
7	3538
7	3546
7	3548
7	3558
7	3559
7	3560
7	3561
7	3562
7	3563
7	3565
7	3584
7	3587
7	3606
7	3619
7	3627
7	3670
7	3672
7	3673
7	3676
7	3677
7	3681
7	3738
7	3952
7	3970
7	3972
7	3986
7	3988
7	3989
7	4002
7	4012
7	4025
7	4026
7	4041
7	4046
7	4049
7	4050
7	4061
7	4064
7	4065
7	4068
7	4069
7	4070
7	4071
7	4075
7	4077
7	329
7	4142
7	4157
7	4160
7	4177
7	4179
7	4180
7	4181
7	4190
7	4212
7	4234
7	4243
7	4244
7	4247
7	4263
7	4278
7	4358
7	4359
7	4360
7	4361
7	4387
7	4421
7	4425
7	4448
7	4449
7	4459
7	4468
7	4475
7	4478
7	4568
7	4578
7	4618
7	4626
7	4628
7	4629
7	4636
7	4640
7	4654
7	4655
7	4656
7	416
7	4668
7	4671
7	4672
7	4678
7	4681
7	4691
7	4693
7	4695
7	4697
7	4700
7	4701
7	4702
7	4703
7	4705
7	4707
7	4708
7	4710
7	4712
7	4718
7	4722
7	4728
7	4730
7	4731
7	4735
7	4737
7	4739
7	4740
7	4741
7	4744
7	4748
7	4753
7	4754
7	4755
7	4756
7	4757
7	4758
7	4759
7	4762
7	4764
7	4767
7	4802
7	4808
7	4809
7	4810
7	4813
7	4814
7	4815
7	4817
7	4820
7	4821
7	4822
7	4823
7	4824
7	4825
7	4827
7	4828
7	4829
7	4830
7	4831
7	4832
7	4834
7	4835
7	4837
7	4840
7	4841
7	452
7	4842
7	4844
7	4845
7	4848
7	4850
7	4852
7	4853
7	4854
7	4855
7	4856
7	4859
7	4860
7	4863
7	4868
7	4869
7	4871
7	4872
7	4873
7	4874
7	4877
7	4878
7	4879
7	4881
7	4885
7	4887
7	4894
7	4903
7	4904
7	4905
7	4906
7	4909
7	4911
7	4915
7	4916
7	4917
7	4922
7	4923
7	4924
7	4927
7	4928
7	4930
7	4931
7	4932
7	4933
7	4938
7	4939
7	4941
7	4942
7	4943
7	4945
7	4946
7	4947
7	4948
7	4950
7	4953
7	4954
7	4956
7	4957
7	4958
7	4959
7	4961
7	4963
7	4964
7	4965
7	4966
7	4970
7	4974
7	4975
7	4978
7	4981
7	4985
7	4995
7	4996
7	5014
7	5015
7	5017
7	5018
7	5019
7	5020
7	5021
7	5022
7	467
7	5023
7	5024
7	5025
7	5026
7	5030
7	5034
7	473
7	5039
7	5040
7	5044
7	5045
7	5046
7	5049
7	5054
7	5058
7	5059
7	5062
7	5068
7	5070
7	5071
7	5072
7	5075
7	5081
7	5085
7	5091
7	5098
7	5101
7	5103
7	5104
7	5116
7	5127
7	5128
7	5129
7	5130
7	5131
7	5133
7	5140
7	5142
7	5145
7	5147
7	5150
7	490
7	5151
7	5152
7	5153
7	5154
7	5155
7	5158
7	5177
7	5180
7	5181
7	5182
7	5183
7	5273
7	5276
7	5278
7	5279
7	501
7	5280
7	5281
7	5288
7	5289
7	5290
7	5291
7	5292
7	5295
7	5299
7	5300
7	5302
7	5309
7	5329
7	5343
7	5344
7	5347
7	5348
7	5349
7	5351
7	5354
7	5356
7	5363
7	5372
7	5373
7	5374
7	5375
7	5377
7	5378
7	5385
7	5391
7	5392
7	5394
7	5395
7	5399
7	5417
7	5421
7	5422
7	5423
7	5431
7	5432
7	5444
7	5449
7	5451
7	5454
7	5457
7	5461
7	5463
7	5470
7	5473
7	5475
7	5476
7	5479
7	5481
7	5482
7	5504
7	5506
7	5517
8	40
8	41
8	49
8	50
8	51
8	67
8	70
8	88
8	111
8	112
8	118
8	119
8	120
8	121
8	123
8	125
8	137
8	144
8	162
8	169
8	203
8	216
8	218
8	221
8	250
8	254
8	280
8	449
8	473
8	474
8	482
8	488
8	575
8	598
8	603
8	671
8	828
8	829
8	830
8	893
8	937
8	939
8	942
8	951
8	957
8	964
8	967
8	1031
8	1049
8	1078
8	1086
8	1166
8	1190
8	1195
8	1210
8	1216
8	1226
8	1239
8	1255
8	1262
8	1268
8	1320
8	1475
8	1481
8	1482
8	1492
8	1510
8	1513
8	1524
8	1963
8	2009
8	2015
8	235
8	2081
8	2087
8	2175
8	4932
8	5021
8	5100
8	5148
8	5152
8	5165
8	5347
35	37
35	53
36	37
37	45
37	56
37	59
37	60
37	164
37	170
37	180
37	181
37	184
37	194
37	197
37	198
37	212
37	214
37	216
37	218
37	221
37	228
37	234
37	235
37	236
37	237
37	238
37	257
37	259
37	261
37	345
37	439
37	442
37	453
37	454
37	471
37	473
37	476
37	477
37	490
37	499
37	502
37	563
37	567
37	572
37	574
37	575
37	579
37	580
37	583
37	584
37	585
37	594
37	596
37	597
37	603
37	604
37	610
37	613
37	619
37	651
37	674
37	676
37	677
37	680
37	695
37	719
37	753
37	754
37	755
37	759
37	767
37	768
37	789
37	795
37	798
37	801
37	803
37	809
37	849
37	1523
37	1524
37	1559
37	1560
37	1582
37	1588
37	1590
37	1592
37	1593
37	1594
37	1600
37	1601
37	1602
37	1627
37	1655
37	1658
37	1751
37	1752
37	1758
37	1760
37	1763
37	1765
37	1800
37	1802
37	1808
37	1972
37	1973
37	1974
37	2014
37	2015
37	2016
37	240
37	242
37	2050
37	2061
37	2062
37	2069
37	2073
37	2074
37	2075
37	2081
37	2096
37	2157
37	2183
37	315
37	2226
37	2279
37	2304
37	2305
37	2306
37	2307
37	2308
37	2309
37	2310
37	2312
37	2313
37	2314
37	2315
37	2318
37	2322
37	2324
37	2328
37	2330
37	2332
37	2334
37	2361
37	2364
37	2368
37	2372
37	2374
37	2375
37	2376
37	2377
37	2383
37	2386
37	2390
37	2393
37	2395
37	2396
37	2398
37	2399
37	2400
37	2401
37	2403
37	2404
37	2420
37	2453
37	2491
37	2513
37	2633
37	2656
37	322
37	2780
37	2845
37	2882
37	2884
37	2957
37	3227
37	3409
37	3410
37	3422
37	3433
37	3434
37	3455
37	3456
37	3488
37	3497
37	3546
37	3558
37	3560
37	3561
37	3563
37	3565
37	3623
37	3694
37	3969
37	4025
37	4071
37	4075
37	329
37	4141
37	4142
37	4177
37	4180
37	4181
37	4254
37	4263
37	4299
37	4341
37	4358
37	4366
37	4386
37	4420
37	4446
37	4447
37	4448
37	4471
37	4553
37	4578
37	4621
37	4637
37	4729
37	4733
37	4735
37	4740
37	4741
37	4743
37	4746
37	4753
37	4810
37	4813
37	4815
37	4821
37	4824
37	4828
37	4832
37	4840
37	4841
37	4848
37	4859
37	4908
37	4909
37	4911
37	4922
37	4924
37	4974
37	4981
37	5002
37	5003
37	5009
37	5011
37	5013
37	5015
37	5021
37	5022
37	467
37	5023
37	5024
37	5025
37	5030
37	5046
37	5049
37	5063
37	5070
37	5072
37	5083
37	5091
37	5100
37	5116
37	5125
37	5127
37	5128
37	5138
37	5145
37	5150
37	5158
37	5278
37	5279
37	501
37	5280
37	5281
37	5287
37	5288
37	5290
37	5291
37	5295
37	5296
37	5298
37	5299
37	5300
37	5301
37	558
37	5347
37	5348
37	5351
37	5353
37	5354
37	5355
37	5368
37	5423
37	5429
37	5458
37	5462
37	5463
41	42
42	49
42	50
42	181
42	198
42	202
42	221
42	222
42	236
42	237
42	448
42	471
42	473
42	678
42	772
42	773
42	774
42	775
42	776
42	777
42	778
42	779
42	780
42	781
42	782
42	783
42	784
42	1524
42	1530
42	1571
42	1572
42	1575
42	1578
42	1580
42	1581
42	1582
42	1583
42	1587
42	1600
42	1601
42	1602
42	1605
42	182
42	1810
42	2009
42	2012
42	2014
42	2015
42	2016
42	235
42	242
42	243
42	2067
42	2075
42	2077
42	2202
42	2211
42	2229
42	4681
42	5025
42	5116
42	5118
42	5278
42	5279
42	501
42	5280
42	5295
42	5363
42	5364
42	5372
42	5373
42	5374
42	5375
42	5376
42	5377
42	5378
42	5381
42	5397
42	5450
42	5454
42	5459
42	5462
42	5463
42	5517
52	53
53	60
53	137
53	139
53	163
53	182
53	194
53	197
53	198
53	204
53	212
53	216
53	228
53	229
53	237
53	238
53	253
53	312
53	399
53	402
53	405
53	439
53	450
53	453
53	474
53	476
53	479
53	493
53	494
53	522
53	563
53	567
53	583
53	602
53	610
53	615
53	674
53	675
53	676
53	723
53	750
53	769
53	777
53	70
53	849
53	131
53	1524
53	1534
53	1562
53	1565
53	1568
53	1590
53	1593
53	1594
53	1602
53	1690
53	1692
53	1694
53	1752
53	1774
53	1782
53	1799
53	1800
53	1962
53	1963
53	1973
53	2014
53	235
53	242
53	2067
53	2076
53	2179
53	2664
53	2957
53	3216
53	3358
53	3360
53	3919
53	3920
53	3953
53	4001
53	4039
53	328
53	4267
53	4408
53	4412
53	4455
53	4679
53	4693
53	4697
53	4710
53	4729
53	4735
53	4740
53	4741
53	4743
53	4746
53	4754
53	4757
53	4790
53	4810
53	4812
53	4813
53	4815
53	4821
53	4823
53	4828
53	4840
53	4841
53	4853
53	4855
53	4867
53	4869
53	4870
53	4871
53	4885
53	4888
53	4915
53	4916
53	4917
53	4918
53	4926
53	4949
53	4959
53	4960
53	4974
53	4987
53	4999
53	5013
53	5032
53	5063
53	5070
53	5091
53	5098
53	5099
53	5104
53	5124
53	5130
53	5160
53	5162
53	5172
53	5188
53	5189
53	5196
53	5214
53	5221
53	5243
53	5244
53	5245
53	5247
53	5251
53	5252
53	5253
53	5254
53	5259
53	5260
53	5265
53	5276
53	5279
53	501
53	5280
53	5281
53	5290
53	5343
53	5348
53	5368
53	5451
53	5454
53	5504
53	5505
53	5513
112	113
113	187
113	188
113	374
113	398
113	399
113	408
113	464
113	522
113	685
113	688
113	691
113	693
113	718
113	727
113	748
113	850
113	872
113	1145
113	1717
113	1725
113	2087
113	2284
113	2299
113	2351
113	2357
113	2358
113	2417
113	2429
113	2434
113	2449
113	2451
113	2471
113	2472
113	2523
113	2533
113	2591
113	2638
113	2655
113	2658
113	2659
113	2754
113	2804
113	2819
113	2825
113	2853
113	2854
113	2863
113	2886
113	2899
113	2906
113	2924
113	2952
113	2954
113	2956
113	2970
113	3135
113	3200
113	3378
113	3492
113	4017
113	4082
113	4083
113	4123
113	4124
113	4125
113	4126
113	4127
113	4128
113	4129
113	4130
113	4131
113	4133
113	4134
113	4180
113	4181
113	4182
113	4183
113	4187
113	4194
113	4197
113	4205
113	4210
113	4217
113	4229
113	4277
113	4425
113	4438
113	4439
113	4440
113	4474
113	4477
113	4636
113	4708
139	140
140	155
140	157
140	191
140	192
140	197
140	203
140	216
140	257
140	259
140	277
140	282
140	439
140	471
140	567
140	586
140	592
140	1523
140	1555
140	1559
140	1568
140	1577
140	1582
140	1583
140	1590
140	1591
140	1593
140	1594
140	1605
140	181
140	1808
140	1972
140	1973
140	1974
140	1975
140	235
140	2076
140	4682
140	4793
140	4822
140	4824
140	4848
140	4852
140	4868
140	4911
140	4931
140	4932
140	4954
140	4990
140	5030
140	5035
140	473
140	5063
140	5081
140	5088
140	5193
140	5198
140	5199
140	5205
140	5206
140	5207
140	5217
140	5223
140	5224
140	5225
140	5226
140	5227
140	5228
140	5229
140	5230
140	5233
140	5234
140	5236
140	5239
140	5257
140	5267
140	5276
140	558
140	5354
140	5362
140	5379
140	5391
194	195
195	237
195	560
195	1694
195	2171
195	314
195	4825
195	4916
195	5154
195	5278
195	5279
195	501
